f_life,rep,contact_occurred,colonies_count
0.001,0,False,1
0.001,1,False,1
0.001,2,False,0
0.001,3,False,0
0.001,4,False,0
0.001,5,False,0
0.001,6,False,0
0.001,7,False,0
0.001,8,False,0
0.001,9,False,0
0.001,10,False,0
0.001,11,False,0
0.001,12,False,0
0.001,13,False,0
0.001,14,False,0
0.011473684210526316,0,False,1
0.011473684210526316,1,False,2
0.011473684210526316,2,True,2
0.011473684210526316,3,False,0
0.011473684210526316,4,True,1
0.011473684210526316,5,False,0
0.011473684210526316,6,False,3
0.011473684210526316,7,False,3
0.011473684210526316,8,True,0
0.011473684210526316,9,True,1
0.011473684210526316,10,True,1
0.011473684210526316,11,False,0
0.011473684210526316,12,False,0
0.011473684210526316,13,True,1
0.011473684210526316,14,False,2
0.021947368421052632,0,True,0
0.021947368421052632,1,True,3
0.021947368421052632,2,True,1
0.021947368421052632,3,False,4
0.021947368421052632,4,True,4
0.021947368421052632,5,True,4
0.021947368421052632,6,True,2
0.021947368421052632,7,True,3
0.021947368421052632,8,True,6
0.021947368421052632,9,False,2
0.021947368421052632,10,True,1
0.021947368421052632,11,True,1
0.021947368421052632,12,True,1
0.021947368421052632,13,True,0
0.021947368421052632,14,False,1
0.03242105263157895,0,False,4
0.03242105263157895,1,True,2
0.03242105263157895,2,True,4
0.03242105263157895,3,True,1
0.03242105263157895,4,False,5
0.03242105263157895,5,True,6
0.03242105263157895,6,True,10
0.03242105263157895,7,False,7
0.03242105263157895,8,True,4
0.03242105263157895,9,False,3
0.03242105263157895,10,True,3
0.03242105263157895,11,True,9
0.03242105263157895,12,False,2
0.03242105263157895,13,False,7
0.03242105263157895,14,False,1
0.04289473684210526,0,True,7
0.04289473684210526,1,True,4
0.04289473684210526,2,True,5
0.04289473684210526,3,True,6
0.04289473684210526,4,True,7
0.04289473684210526,5,True,8
0.04289473684210526,6,True,3
0.04289473684210526,7,True,2
0.04289473684210526,8,True,8
0.04289473684210526,9,True,3
0.04289473684210526,10,True,6
0.04289473684210526,11,True,6
0.04289473684210526,12,True,9
0.04289473684210526,13,True,3
0.04289473684210526,14,True,4
0.05336842105263158,0,True,6
0.05336842105263158,1,True,3
0.05336842105263158,2,True,10
0.05336842105263158,3,False,6
0.05336842105263158,4,True,6
0.05336842105263158,5,True,1
0.05336842105263158,6,True,5
0.05336842105263158,7,True,5
0.05336842105263158,8,True,4
0.05336842105263158,9,True,12
0.05336842105263158,10,True,9
0.05336842105263158,11,True,7
0.05336842105263158,12,True,7
0.05336842105263158,13,True,6
0.05336842105263158,14,True,5
0.0638421052631579,0,True,7
0.0638421052631579,1,True,6
0.0638421052631579,2,True,12
0.0638421052631579,3,False,5
0.0638421052631579,4,True,5
0.0638421052631579,5,True,12
0.0638421052631579,6,False,10
0.0638421052631579,7,True,8
0.0638421052631579,8,True,8
0.0638421052631579,9,False,10
0.0638421052631579,10,True,5
0.0638421052631579,11,True,5
0.0638421052631579,12,True,4
0.0638421052631579,13,True,7
0.0638421052631579,14,True,6
0.07431578947368421,0,True,9
0.07431578947368421,1,True,6
0.07431578947368421,2,True,12
0.07431578947368421,3,True,9
0.07431578947368421,4,True,11
0.07431578947368421,5,True,4
0.07431578947368421,6,True,13
0.07431578947368421,7,True,9
0.07431578947368421,8,True,9
0.07431578947368421,9,True,12
0.07431578947368421,10,True,9
0.07431578947368421,11,True,5
0.07431578947368421,12,True,4
0.07431578947368421,13,True,5
0.07431578947368421,14,True,11
0.08478947368421053,0,True,9
0.08478947368421053,1,True,13
0.08478947368421053,2,True,9
0.08478947368421053,3,True,13
0.08478947368421053,4,True,15
0.08478947368421053,5,True,11
0.08478947368421053,6,True,13
0.08478947368421053,7,True,11
0.08478947368421053,8,True,12
0.08478947368421053,9,True,3
0.08478947368421053,10,True,17
0.08478947368421053,11,True,11
0.08478947368421053,12,True,4
0.08478947368421053,13,True,13
0.08478947368421053,14,True,14
0.09526315789473684,0,True,11
0.09526315789473684,1,True,13
0.09526315789473684,2,True,10
0.09526315789473684,3,True,8
0.09526315789473684,4,True,10
0.09526315789473684,5,True,8
0.09526315789473684,6,True,8
0.09526315789473684,7,True,14
0.09526315789473684,8,True,9
0.09526315789473684,9,True,9
0.09526315789473684,10,True,12
0.09526315789473684,11,True,6
0.09526315789473684,12,True,14
0.09526315789473684,13,True,8
0.09526315789473684,14,True,8
0.10573684210526316,0,True,12
0.10573684210526316,1,True,10
0.10573684210526316,2,True,8
0.10573684210526316,3,True,8
0.10573684210526316,4,True,15
0.10573684210526316,5,True,6
0.10573684210526316,6,True,7
0.10573684210526316,7,True,19
0.10573684210526316,8,True,11
0.10573684210526316,9,True,11
0.10573684210526316,10,True,13
0.10573684210526316,11,True,15
0.10573684210526316,12,True,12
0.10573684210526316,13,True,13
0.10573684210526316,14,True,8
0.11621052631578947,0,True,16
0.11621052631578947,1,True,15
0.11621052631578947,2,True,12
0.11621052631578947,3,True,10
0.11621052631578947,4,True,16
0.11621052631578947,5,True,19
0.11621052631578947,6,True,19
0.11621052631578947,7,True,11
0.11621052631578947,8,True,15
0.11621052631578947,9,True,14
0.11621052631578947,10,True,9
0.11621052631578947,11,True,11
0.11621052631578947,12,True,12
0.11621052631578947,13,True,9
0.11621052631578947,14,True,12
0.1266842105263158,0,True,16
0.1266842105263158,1,True,13
0.1266842105263158,2,True,22
0.1266842105263158,3,True,22
0.1266842105263158,4,True,13
0.1266842105263158,5,True,15
0.1266842105263158,6,True,19
0.1266842105263158,7,True,12
0.1266842105263158,8,True,20
0.1266842105263158,9,True,24
0.1266842105263158,10,True,18
0.1266842105263158,11,True,10
0.1266842105263158,12,True,16
0.1266842105263158,13,True,14
0.1266842105263158,14,True,16
0.1371578947368421,0,True,23
0.1371578947368421,1,True,13
0.1371578947368421,2,True,17
0.1371578947368421,3,True,11
0.1371578947368421,4,True,15
0.1371578947368421,5,True,24
0.1371578947368421,6,True,12
0.1371578947368421,7,True,13
0.1371578947368421,8,True,12
0.1371578947368421,9,True,19
0.1371578947368421,10,True,11
0.1371578947368421,11,True,15
0.1371578947368421,12,True,24
0.1371578947368421,13,True,17
0.1371578947368421,14,True,15
0.14763157894736842,0,True,18
0.14763157894736842,1,True,17
0.14763157894736842,2,True,15
0.14763157894736842,3,True,15
0.14763157894736842,4,True,18
0.14763157894736842,5,True,14
0.14763157894736842,6,True,15
0.14763157894736842,7,True,21
0.14763157894736842,8,True,25
0.14763157894736842,9,True,18
0.14763157894736842,10,True,19
0.14763157894736842,11,True,18
0.14763157894736842,12,True,18
0.14763157894736842,13,True,19
0.14763157894736842,14,True,18
0.15810526315789475,0,True,25
0.15810526315789475,1,True,15
0.15810526315789475,2,True,12
0.15810526315789475,3,True,15
0.15810526315789475,4,True,25
0.15810526315789475,5,True,18
0.15810526315789475,6,True,16
0.15810526315789475,7,True,28
0.15810526315789475,8,True,13
0.15810526315789475,9,True,11
0.15810526315789475,10,True,20
0.15810526315789475,11,True,11
0.15810526315789475,12,True,23
0.15810526315789475,13,True,13
0.15810526315789475,14,True,21
0.16857894736842105,0,True,19
0.16857894736842105,1,True,32
0.16857894736842105,2,True,11
0.16857894736842105,3,True,21
0.16857894736842105,4,True,23
0.16857894736842105,5,True,28
0.16857894736842105,6,True,20
0.16857894736842105,7,True,28
0.16857894736842105,8,True,15
0.16857894736842105,9,True,23
0.16857894736842105,10,True,29
0.16857894736842105,11,True,21
0.16857894736842105,12,True,19
0.16857894736842105,13,True,22
0.16857894736842105,14,True,14
0.17905263157894735,0,True,26
0.17905263157894735,1,True,14
0.17905263157894735,2,True,22
0.17905263157894735,3,True,29
0.17905263157894735,4,True,23
0.17905263157894735,5,True,20
0.17905263157894735,6,True,21
0.17905263157894735,7,True,21
0.17905263157894735,8,True,24
0.17905263157894735,9,True,11
0.17905263157894735,10,True,22
0.17905263157894735,11,True,23
0.17905263157894735,12,True,25
0.17905263157894735,13,True,14
0.17905263157894735,14,True,19
0.18952631578947368,0,True,23
0.18952631578947368,1,True,23
0.18952631578947368,2,True,15
0.18952631578947368,3,True,16
0.18952631578947368,4,True,23
0.18952631578947368,5,True,26
0.18952631578947368,6,True,25
0.18952631578947368,7,True,17
0.18952631578947368,8,True,22
0.18952631578947368,9,True,25
0.18952631578947368,10,True,21
0.18952631578947368,11,True,14
0.18952631578947368,12,True,27
0.18952631578947368,13,True,30
0.18952631578947368,14,True,28
0.2,0,True,32
0.2,1,True,36
0.2,2,True,27
0.2,3,True,24
0.2,4,True,27
0.2,5,True,18
0.2,6,True,27
0.2,7,True,28
0.2,8,True,23
0.2,9,True,26
0.2,10,True,23
0.2,11,True,21
0.2,12,True,25
0.2,13,True,31
0.2,14,True,14
