radius_r,density_rho,gravity_g,v_escape,is_trapped,requires_fusion
1.147,0.766,0.879,1.004,False,False
0.944,0.821,0.775,0.855,False,False
1.271,0.754,0.958,1.104,False,False
0.87,1.035,0.9,0.885,False,False
0.975,0.991,0.966,0.971,False,False
0.901,0.816,0.735,0.814,False,False
1.109,1.094,1.213,1.16,False,False
1.264,0.809,1.023,1.137,False,False
1.239,0.705,0.873,1.04,False,False
0.957,0.968,0.926,0.942,False,False
1.014,1.04,1.055,1.034,False,False
1.565,0.786,1.23,1.387,False,True
0.971,1.007,0.978,0.974,False,False
1.172,0.731,0.857,1.002,False,False
1.227,0.732,0.898,1.05,False,False
1.026,0.989,1.015,1.02,False,False
1.052,0.774,0.814,0.926,False,False
1.075,0.872,0.937,1.004,False,False
1.067,0.99,1.056,1.062,False,False
1.557,0.726,1.13,1.327,False,True
1.254,0.789,0.989,1.114,False,False
1.529,0.838,1.281,1.4,False,True
1.298,0.789,1.024,1.153,False,False
1.253,0.728,0.912,1.069,False,False
1.597,0.83,1.326,1.455,True,True
1.181,0.756,0.893,1.027,False,False
1.368,0.783,1.071,1.211,False,False
1.365,0.81,1.106,1.228,False,False
0.932,0.791,0.737,0.829,False,False
1.366,0.874,1.194,1.277,False,True
1.261,0.863,1.088,1.171,False,False
0.955,1.026,0.98,0.967,False,False
0.878,0.991,0.87,0.874,False,False
1.588,0.719,1.142,1.347,False,True
1.006,1.014,1.02,1.013,False,False
1.094,0.976,1.068,1.081,False,False
1.087,1.007,1.095,1.091,False,False
1.177,1.05,1.236,1.206,False,False
1.073,0.857,0.92,0.993,False,False
1.545,0.878,1.357,1.448,True,True
1.205,0.781,0.941,1.065,False,False
1.589,0.773,1.228,1.397,False,True
0.961,0.875,0.841,0.899,False,False
1.307,0.804,1.051,1.172,False,False
1.432,0.768,1.1,1.255,False,True
0.89,0.938,0.835,0.862,False,False
1.519,0.86,1.306,1.409,True,True
1.145,0.985,1.128,1.136,False,False
1.041,0.753,0.784,0.903,False,False
0.891,0.962,0.857,0.874,False,False
0.966,0.855,0.826,0.893,False,False
1.024,0.993,1.017,1.02,False,False
0.876,0.987,0.865,0.87,False,False
0.905,1.041,0.942,0.923,False,False
0.889,1.058,0.941,0.914,False,False
1.233,0.838,1.033,1.129,False,False
0.968,0.836,0.809,0.885,False,False
1.243,0.807,1.003,1.117,False,False
1.185,0.977,1.158,1.171,False,False
1.06,0.803,0.851,0.95,False,False
1.12,0.967,1.083,1.101,False,False
0.962,0.926,0.891,0.926,False,False
1.52,0.742,1.128,1.309,False,True
1.555,0.72,1.12,1.319,False,True
1.138,0.833,0.948,1.039,False,False
1.449,0.733,1.062,1.241,False,False
1.19,0.942,1.121,1.155,False,False
1.01,0.942,0.951,0.98,False,False
0.94,1.008,0.948,0.944,False,False
1.563,0.724,1.132,1.33,False,True
1.213,0.826,1.002,1.102,False,False
0.905,0.898,0.813,0.858,False,False
1.534,0.838,1.285,1.404,True,True
1.071,0.952,1.02,1.045,False,False
1.081,0.821,0.888,0.979,False,False
1.189,0.968,1.151,1.17,False,False
0.955,0.768,0.733,0.837,False,False
1.442,0.731,1.054,1.233,False,False
1.597,0.804,1.284,1.432,True,True
1.016,0.711,0.722,0.857,False,False
1.031,0.812,0.837,0.929,False,False
1.112,0.725,0.806,0.947,False,False
1.078,0.924,0.996,1.036,False,False
1.019,1.081,1.102,1.059,False,False
1.09,0.739,0.806,0.937,False,False
1.324,0.847,1.121,1.219,False,False
1.149,0.733,0.842,0.984,False,False
1.365,0.777,1.061,1.203,False,False
0.948,0.91,0.863,0.904,False,False
1.512,0.714,1.08,1.278,False,True
0.913,0.947,0.865,0.888,False,False
0.991,1.073,1.063,1.027,False,False
0.862,0.911,0.785,0.823,False,False
0.988,1.001,0.989,0.988,False,False
0.957,0.83,0.794,0.872,False,False
1.421,0.773,1.098,1.249,False,False
1.143,0.773,0.884,1.005,False,False
1.315,0.701,0.922,1.101,False,False
0.908,0.845,0.767,0.835,False,False
0.953,0.979,0.933,0.943,False,False
1.477,0.859,1.269,1.369,False,True
1.007,1.007,1.014,1.011,False,False
1.249,0.795,0.993,1.114,False,False
1.524,0.837,1.276,1.394,False,True
1.514,0.869,1.316,1.411,True,True
1.465,0.876,1.283,1.371,False,True
0.939,0.819,0.769,0.85,False,False
1.197,1.019,1.22,1.208,False,False
1.121,0.964,1.081,1.101,False,False
1.151,0.921,1.06,1.105,False,False
0.856,0.945,0.809,0.832,False,False
1.28,0.796,1.019,1.142,False,False
0.948,1.054,0.999,0.973,False,False
1.323,0.806,1.066,1.188,False,False
1.559,0.723,1.127,1.326,False,True
1.098,1.067,1.172,1.134,False,False
1.437,0.8,1.15,1.285,False,True
1.257,0.844,1.061,1.155,False,False
1.157,0.931,1.077,1.116,False,False
0.865,1.043,0.902,0.883,False,False
1.061,0.909,0.964,1.012,False,False
0.927,0.924,0.857,0.891,False,False
1.306,0.735,0.96,1.12,False,False
1.119,0.767,0.858,0.98,False,False
1.475,0.868,1.28,1.374,False,True
1.01,0.7,0.707,0.845,False,False
0.9,1.008,0.907,0.904,False,False
1.2,1.084,1.301,1.249,False,False
1.059,0.786,0.832,0.939,False,False
1.272,0.798,1.015,1.136,False,False
0.925,1.022,0.945,0.935,False,False
1.079,0.718,0.775,0.914,False,False
1.332,0.759,1.011,1.16,False,False
1.001,0.977,0.978,0.989,False,False
1.231,0.804,0.99,1.104,False,False
0.852,0.982,0.837,0.844,False,False
1.218,0.807,0.983,1.094,False,False
1.335,0.741,0.989,1.149,False,False
1.137,0.932,1.06,1.098,False,False
0.966,1.05,1.014,0.99,False,False
1.222,0.826,1.009,1.111,False,False
1.06,1.044,1.107,1.083,False,False
1.369,0.767,1.05,1.199,False,False
1.037,0.975,1.011,1.024,False,False
1.148,0.919,1.055,1.101,False,False
0.983,0.987,0.97,0.977,False,False
1.102,1.032,1.137,1.119,False,False
1.065,0.927,0.987,1.025,False,False
0.902,1.04,0.938,0.92,False,False
0.919,0.827,0.76,0.836,False,False
1.419,0.722,1.025,1.206,False,False
1.124,0.937,1.053,1.088,False,False
0.946,0.878,0.831,0.886,False,False
1.035,0.769,0.796,0.908,False,False
1.226,0.876,1.074,1.147,False,False
0.885,1.002,0.887,0.886,False,False
1.198,0.973,1.166,1.182,False,False
1.57,0.879,1.38,1.472,True,True
1.405,0.708,0.995,1.182,False,False
0.873,0.963,0.841,0.857,False,False
1.206,0.752,0.907,1.046,False,False
0.881,0.97,0.855,0.868,False,False
1.003,1.049,1.052,1.027,False,False
1.152,0.851,0.98,1.063,False,False
1.035,1.057,1.094,1.064,False,False
1.414,0.775,1.096,1.245,False,False
0.953,0.953,0.908,0.93,False,False
1.139,1.004,1.144,1.141,False,False
0.94,0.857,0.806,0.87,False,False
1.095,1.023,1.12,1.108,False,False
1.212,0.858,1.04,1.123,False,False
1.09,1.009,1.1,1.095,False,False
0.897,0.993,0.891,0.894,False,False
1.04,0.911,0.947,0.993,False,False
0.961,1.015,0.975,0.968,False,False
1.096,1.026,1.124,1.11,False,False
1.505,0.828,1.246,1.369,False,True
1.032,0.948,0.978,1.005,False,False
1.021,1.008,1.029,1.025,False,False
1.09,1.064,1.16,1.124,False,False
1.189,0.772,0.918,1.045,False,False
1.131,0.757,0.856,0.984,False,False
1.133,0.935,1.059,1.096,False,False
0.933,0.861,0.803,0.866,False,False
1.53,0.866,1.325,1.424,True,True
1.023,1.012,1.035,1.029,False,False
0.853,1.034,0.882,0.867,False,False
1.061,1.071,1.136,1.098,False,False
1.026,0.968,0.993,1.009,False,False
1.423,0.721,1.026,1.208,False,False
1.125,0.796,0.896,1.004,False,False
1.54,0.815,1.255,1.39,False,True
1.089,0.964,1.05,1.069,False,False
1.295,0.871,1.128,1.209,False,False
0.864,0.967,0.835,0.85,False,False
1.508,0.859,1.295,1.398,False,True
1.021,1.02,1.041,1.031,False,False
1.144,0.924,1.057,1.1,False,False
1.367,0.722,0.987,1.162,False,False
1.564,0.757,1.184,1.361,False,True
1.416,0.841,1.191,1.299,False,True
1.271,0.708,0.9,1.069,False,False
1.558,0.87,1.355,1.453,True,True
0.868,1.002,0.87,0.869,False,False
1.357,0.872,1.183,1.267,False,True
1.031,0.757,0.78,0.897,False,False
1.332,0.781,1.04,1.177,False,False
0.938,1.05,0.985,0.961,False,False
1.128,1.014,1.144,1.136,False,False
0.935,1.029,0.962,0.948,False,False
1.368,0.792,1.083,1.217,False,False
1.129,1.008,1.138,1.134,False,False
0.939,0.79,0.742,0.835,False,False
1.323,0.81,1.072,1.191,False,False
1.043,1.03,1.074,1.059,False,False
0.914,0.925,0.845,0.879,False,False
0.896,0.981,0.879,0.887,False,False
1.008,0.834,0.841,0.921,False,False
1.118,0.974,1.089,1.103,False,False
1.416,0.773,1.095,1.245,False,False
1.075,0.778,0.836,0.948,False,False
1.489,0.744,1.108,1.284,False,True
1.496,0.853,1.276,1.382,False,True
0.889,0.927,0.824,0.856,False,False
1.018,1.035,1.054,1.036,False,False
1.196,1.055,1.262,1.228,False,False
1.084,1.047,1.135,1.109,False,False
1.527,0.717,1.095,1.293,False,True
0.901,1.041,0.938,0.919,False,False
0.916,1.057,0.968,0.942,False,False
1.198,0.927,1.111,1.153,False,False
1.42,0.811,1.152,1.279,False,True
1.263,0.799,1.009,1.129,False,False
1.004,0.951,0.955,0.979,False,False
1.595,0.737,1.176,1.369,False,True
0.97,0.915,0.888,0.928,False,False
1.291,0.757,0.977,1.123,False,False
1.017,0.945,0.961,0.989,False,False
0.972,0.939,0.913,0.942,False,False
1.14,0.82,0.935,1.032,False,False
0.954,0.831,0.793,0.87,False,False
1.01,1.02,1.03,1.02,False,False
1.507,0.866,1.305,1.402,True,True
1.17,1.015,1.188,1.179,False,False
1.095,0.88,0.964,1.027,False,False
1.094,1.093,1.196,1.144,False,False
1.422,0.815,1.159,1.284,False,True
1.032,0.958,0.989,1.01,False,False
1.151,1.075,1.237,1.193,False,False
1.309,0.731,0.957,1.119,False,False
0.949,0.996,0.945,0.947,False,False
1.044,1.057,1.104,1.073,False,False
1.495,0.857,1.281,1.384,False,True
0.93,0.972,0.904,0.917,False,False
0.974,0.901,0.878,0.925,False,False
1.169,0.96,1.122,1.145,False,False
1.145,0.745,0.853,0.988,False,False
1.476,0.852,1.258,1.362,False,True
1.017,0.851,0.865,0.938,False,False
1.166,0.78,0.909,1.03,False,False
1.021,0.795,0.812,0.91,False,False
1.543,0.769,1.187,1.353,False,True
1.052,0.83,0.873,0.958,False,False
1.143,0.922,1.054,1.098,False,False
1.554,0.859,1.335,1.44,True,True
1.02,1.071,1.092,1.056,False,False
1.306,0.781,1.02,1.154,False,False
1.178,1.077,1.269,1.223,False,False
1.511,0.793,1.198,1.346,False,True
1.56,0.731,1.14,1.334,False,True
0.97,1.075,1.043,1.006,False,False
0.881,0.944,0.832,0.856,False,False
1.137,0.728,0.828,0.97,False,False
0.951,0.757,0.72,0.827,False,False
1.01,0.872,0.881,0.943,False,False
1.126,0.843,0.949,1.034,False,False
1.099,0.734,0.807,0.942,False,False
1.072,0.856,0.918,0.992,False,False
1.065,0.804,0.856,0.955,False,False
0.979,1.016,0.995,0.987,False,False
1.032,0.968,0.999,1.015,False,False
0.894,0.953,0.852,0.873,False,False
1.442,0.731,1.054,1.233,False,False
1.177,0.746,0.878,1.017,False,False
0.965,0.982,0.948,0.956,False,False
1.023,0.724,0.741,0.87,False,False
1.31,0.705,0.924,1.1,False,False
1.195,0.776,0.927,1.053,False,False
1.472,0.741,1.091,1.267,False,True
1.242,0.702,0.872,1.041,False,False
1.107,0.801,0.887,0.991,False,False
0.861,0.926,0.797,0.829,False,False
1.387,0.766,1.062,1.214,False,False
1.072,1.081,1.159,1.115,False,False
1.327,0.738,0.979,1.14,False,False
0.966,0.983,0.95,0.958,False,False
1.197,1.076,1.288,1.242,False,False
1.358,0.721,0.979,1.153,False,False
0.908,0.905,0.822,0.864,False,False
1.132,0.844,0.955,1.04,False,False
1.331,0.778,1.036,1.174,False,False
1.05,0.916,0.962,1.005,False,False
0.998,0.967,0.965,0.981,False,False
1.189,0.86,1.023,1.103,False,False
1.451,0.829,1.203,1.321,False,True
1.18,1.071,1.264,1.221,False,False
1.555,0.718,1.116,1.318,False,True
1.108,0.774,0.858,0.975,False,False
0.871,0.949,0.827,0.848,False,False
0.967,0.942,0.911,0.939,False,False
1.328,0.714,0.948,1.122,False,False
0.888,0.98,0.87,0.879,False,False
1.574,0.78,1.228,1.39,False,True
1.185,1.034,1.225,1.205,False,False
1.049,0.87,0.913,0.978,False,False
0.925,0.962,0.89,0.907,False,False
0.984,1.05,1.033,1.008,False,False
0.862,0.896,0.772,0.816,False,False
0.979,0.846,0.828,0.9,False,False
1.192,0.727,0.867,1.016,False,False
1.462,0.775,1.133,1.287,False,True
1.058,1.089,1.152,1.104,False,False
1.061,0.7,0.743,0.888,False,False
1.155,0.842,0.973,1.06,False,False
1.001,0.76,0.761,0.873,False,False
1.214,0.736,0.894,1.041,False,False
1.424,0.842,1.199,1.307,False,True
1.014,1.081,1.096,1.054,False,False
1.012,0.973,0.985,0.998,False,False
1.035,1.025,1.061,1.048,False,False
1.1,1.093,1.202,1.15,False,False
1.032,0.808,0.834,0.928,False,False
1.338,0.754,1.009,1.162,False,False
0.984,1.073,1.056,1.019,False,False
0.933,1.059,0.988,0.96,False,False
1.096,0.922,1.011,1.052,False,False
1.124,0.843,0.948,1.032,False,False
1.17,0.866,1.013,1.089,False,False
0.922,0.952,0.878,0.9,False,False
1.086,1.042,1.132,1.109,False,False
1.165,0.773,0.901,1.024,False,False
1.008,1.074,1.083,1.045,False,False
1.023,0.992,1.015,1.019,False,False
1.19,0.777,0.925,1.049,False,False
0.935,0.868,0.812,0.871,False,False
0.936,0.792,0.741,0.833,False,False
1.158,1.085,1.256,1.206,False,False
1.488,0.755,1.123,1.293,False,True
1.519,0.819,1.244,1.375,False,True
1.105,0.919,1.015,1.059,False,False
1.056,1.036,1.094,1.075,False,False
0.913,0.788,0.719,0.81,False,False
1.016,1.035,1.052,1.034,False,False
1.19,1.076,1.28,1.234,False,False
1.003,0.873,0.876,0.937,False,False
0.867,1.029,0.892,0.879,False,False
1.144,0.936,1.071,1.107,False,False
1.103,0.976,1.077,1.09,False,False
1.532,0.847,1.298,1.41,True,True
0.854,0.906,0.774,0.813,False,False
1.164,1.096,1.276,1.219,False,False
1.093,0.998,1.091,1.092,False,False
1.028,1.01,1.038,1.033,False,False
1.187,0.854,1.014,1.097,False,False
1.418,0.866,1.228,1.32,False,True
1.447,0.83,1.201,1.318,False,True
1.096,0.879,0.963,1.028,False,False
1.105,0.777,0.859,0.974,False,False
1.156,1.024,1.184,1.17,False,False
0.892,0.978,0.872,0.882,False,False
1.057,0.797,0.842,0.944,False,False
0.995,0.975,0.97,0.982,False,False
1.031,1.0,1.031,1.031,False,False
1.101,1.01,1.112,1.106,False,False
0.891,0.959,0.854,0.873,False,False
1.438,0.783,1.126,1.272,False,True
1.044,0.954,0.996,1.02,False,False
0.89,0.968,0.862,0.876,False,False
1.154,1.026,1.184,1.169,False,False
0.981,0.87,0.853,0.915,False,False
1.359,0.82,1.114,1.231,False,False
1.174,0.934,1.097,1.135,False,False
1.482,0.811,1.202,1.335,False,True
1.551,0.735,1.14,1.33,False,True
1.223,0.738,0.903,1.051,False,False
0.884,1.018,0.9,0.892,False,False
1.073,0.777,0.834,0.946,False,False
0.954,0.84,0.801,0.874,False,False
1.057,1.038,1.097,1.077,False,False
0.854,0.979,0.836,0.845,False,False
1.15,1.028,1.182,1.166,False,False
1.043,0.855,0.892,0.964,False,False
1.179,1.102,1.299,1.238,False,False
0.977,0.918,0.897,0.936,False,False
1.057,0.771,0.815,0.928,False,False
1.357,0.737,1.0,1.165,False,False
1.289,0.823,1.061,1.169,False,False
0.975,0.925,0.902,0.938,False,False
1.1,0.978,1.076,1.088,False,False
1.178,0.932,1.098,1.137,False,False
1.107,1.043,1.155,1.131,False,False
0.941,0.836,0.787,0.86,False,False
1.155,0.873,1.008,1.079,False,False
1.043,0.798,0.832,0.932,False,False
1.134,0.733,0.831,0.971,False,False
1.093,1.068,1.167,1.13,False,False
1.043,1.014,1.058,1.05,False,False
0.96,0.936,0.899,0.929,False,False
1.106,1.003,1.109,1.108,False,False
0.875,1.034,0.905,0.89,False,False
1.079,0.853,0.92,0.997,False,False
0.947,0.989,0.937,0.942,False,False
0.928,0.82,0.761,0.84,False,False
1.387,0.83,1.151,1.264,False,True
1.292,0.842,1.088,1.186,False,False
1.487,0.746,1.109,1.284,False,True
1.491,0.814,1.214,1.345,False,True
1.141,0.757,0.864,0.993,False,False
1.126,1.021,1.15,1.138,False,False
1.53,0.846,1.294,1.407,True,True
1.283,0.824,1.057,1.165,False,False
1.459,0.839,1.224,1.336,False,True
0.942,0.879,0.828,0.883,False,False
1.187,0.825,0.979,1.078,False,False
1.089,0.921,1.003,1.045,False,False
1.092,1.074,1.173,1.132,False,False
0.957,0.968,0.926,0.942,False,False
0.933,0.84,0.784,0.855,False,False
0.87,0.897,0.78,0.824,False,False
1.032,1.079,1.114,1.072,False,False
0.908,0.817,0.742,0.821,False,False
0.968,0.982,0.951,0.959,False,False
1.146,0.991,1.136,1.141,False,False
1.221,0.772,0.943,1.073,False,False
1.097,0.969,1.063,1.08,False,False
1.511,0.794,1.2,1.346,False,True
1.149,1.067,1.226,1.187,False,False
1.053,0.993,1.046,1.049,False,False
1.118,1.0,1.118,1.118,False,False
0.858,0.928,0.796,0.827,False,False
1.189,0.789,0.938,1.056,False,False
1.549,0.873,1.352,1.447,True,True
1.155,0.71,0.82,0.973,False,False
1.559,0.827,1.289,1.418,True,True
0.869,1.037,0.901,0.885,False,False
1.022,0.994,1.016,1.019,False,False
0.965,0.859,0.829,0.894,False,False
1.057,0.864,0.913,0.982,False,False
0.958,1.0,0.958,0.958,False,False
1.013,0.922,0.934,0.973,False,False
1.162,0.795,0.924,1.036,False,False
1.266,0.713,0.903,1.069,False,False
1.121,1.059,1.187,1.154,False,False
0.941,0.976,0.918,0.93,False,False
0.902,1.017,0.917,0.91,False,False
0.911,0.923,0.841,0.875,False,False
1.503,0.774,1.163,1.322,False,True
1.17,1.018,1.191,1.18,False,False
0.94,0.992,0.932,0.936,False,False
1.147,0.934,1.071,1.109,False,False
1.323,0.854,1.13,1.223,False,False
0.997,0.738,0.736,0.856,False,False
1.068,0.965,1.031,1.049,False,False
0.964,1.044,1.006,0.985,False,False
1.585,0.738,1.17,1.362,False,True
1.473,0.798,1.175,1.316,False,True
1.146,0.951,1.09,1.118,False,False
1.518,0.773,1.173,1.335,False,True
1.153,0.857,0.988,1.067,False,False
1.472,0.765,1.126,1.287,False,True
1.463,0.849,1.242,1.348,False,True
1.386,0.843,1.168,1.273,False,True
0.911,0.938,0.855,0.882,False,False
0.909,0.941,0.855,0.882,False,False
0.988,0.972,0.96,0.974,False,False
1.188,0.943,1.12,1.154,False,False
1.0,1.049,1.049,1.024,False,False
0.889,0.989,0.879,0.884,False,False
1.189,1.053,1.252,1.22,False,False
1.41,0.794,1.12,1.256,False,True
0.87,1.018,0.886,0.878,False,False
1.091,0.737,0.804,0.937,False,False
0.967,0.909,0.879,0.922,False,False
1.46,0.72,1.051,1.239,False,False
1.2,0.851,1.021,1.107,False,False
1.413,0.759,1.072,1.231,False,False
1.526,0.815,1.244,1.378,False,True
0.942,0.964,0.908,0.925,False,False
1.284,0.799,1.026,1.148,False,False
1.185,1.078,1.277,1.23,False,False
1.089,1.055,1.149,1.119,False,False
1.038,0.722,0.749,0.882,False,False
1.068,1.02,1.089,1.079,False,False
0.92,0.867,0.798,0.857,False,False
1.258,0.843,1.06,1.155,False,False
1.353,0.817,1.105,1.223,False,False
1.348,0.801,1.08,1.206,False,False
1.359,0.725,0.985,1.157,False,False
1.017,0.95,0.966,0.991,False,False
1.083,0.778,0.843,0.955,False,False
1.154,0.817,0.943,1.043,False,False
1.336,0.746,0.997,1.154,False,False
0.85,0.989,0.841,0.845,False,False
1.282,0.781,1.001,1.133,False,False
1.262,0.856,1.08,1.168,False,False
1.154,1.062,1.226,1.189,False,False
1.139,0.856,0.975,1.054,False,False
1.378,0.711,0.98,1.162,False,False
1.229,0.721,0.886,1.044,False,False
1.153,0.967,1.115,1.134,False,False
0.926,1.047,0.97,0.948,False,False
1.023,0.836,0.855,0.935,False,False
0.953,1.004,0.957,0.955,False,False
0.978,0.75,0.734,0.847,False,False
1.356,0.782,1.06,1.199,False,False
1.06,1.036,1.098,1.079,False,False
1.098,0.933,1.024,1.061,False,False
1.388,0.753,1.045,1.204,False,False
1.116,1.051,1.173,1.144,False,False
0.926,0.782,0.724,0.819,False,False
1.104,0.749,0.827,0.955,False,False
1.12,0.804,0.9,1.004,False,False
1.202,0.756,0.909,1.045,False,False
0.926,0.953,0.882,0.904,False,False
1.361,0.716,0.974,1.152,False,False
1.149,0.734,0.843,0.984,False,False
0.877,1.048,0.919,0.898,False,False
1.132,0.856,0.969,1.047,False,False
1.481,0.87,1.288,1.381,False,True
0.959,0.797,0.764,0.856,False,False
1.421,0.789,1.121,1.262,False,True
0.964,0.948,0.914,0.939,False,False
1.526,0.702,1.071,1.279,False,True
1.197,1.065,1.275,1.235,False,False
0.951,0.963,0.916,0.933,False,False
1.06,0.779,0.826,0.936,False,False
1.087,1.054,1.146,1.116,False,False
1.049,1.055,1.107,1.077,False,False
1.037,1.035,1.073,1.055,False,False
0.874,0.928,0.811,0.842,False,False
0.984,0.741,0.729,0.847,False,False
0.972,0.917,0.891,0.931,False,False
0.959,0.94,0.901,0.93,False,False
0.888,0.984,0.874,0.881,False,False
0.938,0.868,0.814,0.874,False,False
1.262,0.813,1.026,1.138,False,False
1.18,0.928,1.095,1.137,False,False
1.177,0.973,1.145,1.161,False,False
1.318,0.702,0.925,1.104,False,False
0.961,0.985,0.947,0.954,False,False
1.046,0.969,1.014,1.03,False,False
