run_id,treatment_id,factor_A,factor_B,factor_C,factor_D,factor_E,seed,num_stars,ship_speed_c,max_reach_ly,first_contact_occurred,contact_type,time_to_first_contact_years,contact_distance_ly,contact_disposition,systems_before_contact,archeological_relics_found,total_systems_explored,max_expansion_radius_ly,planets_habitable_surveyed,planets_with_life_surveyed,planets_with_intel_surveyed,planets_with_spacefaring_surveyed,prime_directive_encounters,colonies_founded,colonies_active,total_earth_colonies,colonies_collapsed,colonies_sovereign,colonies_secession_hostile,colonies_secession_loyal,total_human_pop_millions,total_fleets_activated,earth_final_lc,max_colony_lc,delta_lc_max,colony_surpassed_earth,total_starbases,fallen_starbases,total_trade_routes,total_wars,simulation_duration_years,log_filename
1,1,-1,-1,-1,-1,-1,43,3101,0.082,1.56,False,Solitudine / Nessun Contatto,,,Nessuna,2,0,2,1.48,2,2,2,0,2,0,0,0,0,0,0,0,8500.0,2,0.977,0.977,0.0,False,0,0,0,1,93.57,monte_carlo_run_1_seed_43.log
2,2,-1,-1,-1,-1,1,44,3101,0.079,1.47,False,Solitudine / Nessun Contatto,,,Nessuna,1,0,1,0.0,1,1,1,1,0,0,0,0,0,0,0,0,8500.0,2,1.0,1.0,0.0,False,0,0,0,0,0.02,monte_carlo_run_2_seed_44.log
3,3,-1,-1,-1,1,-1,45,3101,0.079,1.94,False,Solitudine / Nessun Contatto,,,Nessuna,1,0,1,0.0,1,1,1,1,0,0,0,0,0,0,0,0,8500.0,2,1.0,1.0,0.0,False,0,0,0,0,0.02,monte_carlo_run_3_seed_45.log
4,4,-1,-1,-1,1,1,46,3101,0.131,2.74,False,Solitudine / Nessun Contatto,,,Nessuna,1,0,1,0.0,1,1,1,1,0,0,0,0,0,0,0,0,8500.0,2,1.0,1.0,0.0,False,0,0,0,0,0.02,monte_carlo_run_4_seed_46.log
5,5,-1,-1,1,-1,-1,47,3101,0.312,6.47,True,Incontro Flotta Deep-Space,2831.51,0.0,Biosfera Primitiva,358,0,2660,31.77,332,238,33,7,22,286,278,278,0,191,125,66,9835.96,574,1.571,1.6,0.0293,True,2328,0,953,1092,10000.0,monte_carlo_run_5_seed_47.log
6,6,-1,-1,1,-1,1,48,3101,0.286,6.36,True,Incontro Flotta Deep-Space,151.22,6.81,Cauta,15,0,2717,19.89,345,251,22,5,15,307,119,119,0,88,65,23,9103.06,606,1.6,1.6,0.0,False,2369,0,1075,1369,10000.09,monte_carlo_run_6_seed_48.log
7,7,-1,-1,1,1,-1,49,3101,0.34,5.48,True,Incontro Flotta Deep-Space,2887.02,25.77,Biosfera Primitiva,155,3,1553,41.6,92,65,5,2,1,82,82,82,0,60,42,18,8904.53,142,1.569,1.6,0.0311,True,1442,0,130,153,10000.13,monte_carlo_run_7_seed_49.log
8,8,-1,-1,1,1,1,50,3101,0.432,9.72,True,Contatto Planetario / Biofirme,5135.82,24.08,Collaborativa,507,1,1498,41.46,56,46,7,3,3,48,48,48,0,27,26,1,8700.09,61,1.6,1.6,0.0,False,1438,0,21,32,10000.43,monte_carlo_run_8_seed_50.log
9,9,-1,1,-1,-1,-1,51,3101,0.062,0.78,False,Solitudine / Nessun Contatto,,,Nessuna,1,0,1,0.0,1,1,1,1,0,0,0,0,0,0,0,0,8500.0,2,1.0,1.0,0.0,False,0,0,0,0,0.02,monte_carlo_run_9_seed_51.log
10,10,-1,1,-1,-1,1,52,3101,0.057,1.14,False,Solitudine / Nessun Contatto,,,Nessuna,1,0,1,0.0,1,1,1,1,0,0,0,0,0,0,0,0,8500.0,2,1.0,1.0,0.0,False,0,0,0,0,0.02,monte_carlo_run_10_seed_52.log
11,11,-1,1,-1,1,-1,53,3101,0.102,2.09,False,Solitudine / Nessun Contatto,,,Nessuna,4,0,4,2.63,1,1,1,1,0,0,0,0,0,0,0,0,8500.0,2,1.009,1.009,0.0,False,3,0,0,0,302.43,monte_carlo_run_11_seed_53.log
12,12,-1,1,-1,1,1,54,3101,0.055,0.71,False,Solitudine / Nessun Contatto,,,Nessuna,1,0,1,0.0,1,1,1,1,0,0,0,0,0,0,0,0,8500.0,2,1.0,1.0,0.0,False,0,0,0,0,0.02,monte_carlo_run_12_seed_54.log
13,13,-1,1,1,-1,-1,55,3101,0.594,8.85,True,Incontro Flotta Deep-Space,2429.31,17.91,Biosfera Primitiva,498,0,2679,44.93,340,263,21,4,14,306,283,283,0,197,134,63,9882.73,624,1.467,1.6,0.1333,True,2339,0,1025,1235,10000.11,monte_carlo_run_13_seed_55.log
14,14,-1,1,1,-1,1,56,3101,0.256,6.1,True,Contatto Planetario / Biofirme,742.32,16.11,Diffidente,39,2,2367,33.06,299,226,15,1,12,274,266,266,0,180,106,74,9783.66,571,1.491,1.6,0.1092,True,2069,0,982,1056,10000.01,monte_carlo_run_14_seed_56.log
15,15,-1,1,1,1,-1,57,3101,0.243,5.91,False,Solitudine / Nessun Contatto,,,Nessuna,1114,0,1114,32.94,48,32,7,3,2,38,38,38,0,26,23,3,8678.98,48,1.6,1.461,-0.1394,False,1063,0,19,32,10000.3,monte_carlo_run_15_seed_57.log
16,16,-1,1,1,1,1,58,3101,0.544,8.05,True,Contatto Planetario / Biofirme,5042.79,33.0,Cauta,910,0,1873,48.2,76,60,12,5,7,62,62,62,0,39,36,3,8778.01,91,1.6,1.6,0.0,False,1795,0,40,49,10000.25,monte_carlo_run_16_seed_58.log
17,17,1,-1,-1,-1,-1,59,3101,0.145,3.42,False,Solitudine / Nessun Contatto,,,Nessuna,9,0,9,7.34,1,1,1,1,0,0,0,0,0,0,0,0,8500.0,2,1.04,1.04,0.0,False,7,0,0,0,738.06,monte_carlo_run_17_seed_59.log
18,18,1,-1,-1,-1,1,60,3101,0.136,3.06,False,Solitudine / Nessun Contatto,,,Nessuna,3,0,3,3.72,1,1,1,1,0,0,0,0,0,0,0,0,8500.0,2,1.002,1.002,0.0,False,1,0,0,0,170.98,monte_carlo_run_18_seed_60.log
19,19,1,-1,-1,1,-1,61,3101,0.127,1.54,False,Solitudine / Nessun Contatto,,,Nessuna,1,0,1,0.0,1,1,1,1,0,0,0,0,0,0,0,0,8500.0,2,1.0,1.0,0.0,False,0,0,0,0,0.02,monte_carlo_run_19_seed_61.log
20,20,1,-1,-1,1,1,62,3101,0.123,1.48,False,Solitudine / Nessun Contatto,,,Nessuna,2,0,2,0.29,1,1,1,1,0,0,0,0,0,0,0,0,8500.0,2,1.0,1.0,0.0,False,0,0,0,0,9.55,monte_carlo_run_20_seed_62.log
21,21,1,-1,1,-1,-1,63,3101,0.31,3.73,False,Solitudine / Nessun Contatto,,,Nessuna,2,0,2,0.9,2,2,1,1,0,1,1,1,0,0,0,0,8500.04,2,1.0,0.714,-0.2859,False,0,0,0,0,11.63,monte_carlo_run_21_seed_63.log
22,22,1,-1,1,-1,1,64,3101,0.228,5.23,True,Incontro Flotta Deep-Space,2964.21,7.42,Biosfera Primitiva,227,0,2395,57.77,290,226,29,5,18,250,244,244,0,166,92,74,9664.07,480,1.6,1.6,0.0,False,2056,0,814,906,10000.07,monte_carlo_run_22_seed_64.log
23,23,1,-1,1,1,-1,65,3101,0.423,7.62,True,Contatto Planetario / Biofirme,227.33,8.11,Collaborativa,11,1,1406,36.85,68,50,5,1,2,57,57,57,0,43,38,5,8794.23,95,1.586,1.6,0.0144,True,1335,0,69,83,10001.15,monte_carlo_run_23_seed_65.log
24,24,1,-1,1,1,1,66,3101,0.246,5.01,True,Incontro Flotta Deep-Space,155.07,6.81,Diffidente,22,0,525,18.28,24,19,3,1,2,20,18,18,0,15,14,1,8609.86,42,1.591,1.467,-0.1244,False,485,0,25,41,10000.19,monte_carlo_run_24_seed_66.log
25,25,1,1,-1,-1,-1,67,3101,0.065,0.87,False,Solitudine / Nessun Contatto,,,Nessuna,1,0,1,0.0,3,3,3,0,3,0,0,0,0,0,0,0,8500.0,1,0.985,0.985,0.0,False,0,0,0,2,0.02,monte_carlo_run_25_seed_67.log
26,26,1,1,-1,-1,1,68,3101,0.138,2.03,False,Solitudine / Nessun Contatto,,,Nessuna,2,0,2,0.0,2,2,2,2,0,0,0,0,0,0,0,0,8500.0,6,1.0,1.0,0.0,False,0,0,0,1,0.04,monte_carlo_run_26_seed_68.log
27,27,1,1,-1,1,-1,69,3101,0.094,1.5,False,Solitudine / Nessun Contatto,,,Nessuna,1,0,1,0.0,3,3,3,0,3,0,0,0,0,0,0,0,8500.0,1,0.985,0.985,0.0,False,0,0,0,2,0.02,monte_carlo_run_27_seed_69.log
28,28,1,1,-1,1,1,70,3101,0.088,1.43,False,Solitudine / Nessun Contatto,,,Nessuna,4,0,4,1.15,3,3,3,3,0,0,0,0,0,0,0,0,8500.0,10,1.004,1.004,0.0,False,0,0,1,3,83.19,monte_carlo_run_28_seed_70.log
29,29,1,1,1,-1,-1,71,3101,0.434,10.13,True,Incontro Flotta Deep-Space,3899.5,18.74,Biosfera Primitiva,585,0,2216,28.6,275,218,33,5,24,235,227,227,0,147,88,59,9606.51,452,1.6,1.6,0.0,False,1937,0,734,801,10000.06,monte_carlo_run_29_seed_71.log
30,30,1,1,1,-1,1,72,3101,0.384,8.47,True,Contatto Planetario / Biofirme,221.43,13.99,Cauta,8,1,2556,24.91,340,272,30,6,20,294,260,260,0,182,144,38,9760.64,579,1.6,1.6,0.0,False,2217,0,1058,1284,10000.11,monte_carlo_run_30_seed_72.log
31,31,1,1,1,1,-1,73,3101,0.459,7.89,True,Contatto Planetario / Biofirme,97.14,9.3,Diffidente,8,0,1471,34.51,69,56,10,4,4,58,57,57,0,37,33,4,8771.19,81,1.6,1.425,-0.1754,False,1397,0,45,62,10000.32,monte_carlo_run_31_seed_73.log
32,32,1,1,1,1,1,74,3101,0.505,8.25,True,Incontro Flotta Deep-Space,195.4,15.73,Diffidente,20,0,1761,43.31,101,79,5,1,3,91,34,34,0,24,20,4,8683.81,171,1.6,1.59,-0.0103,False,1655,0,107,142,10000.03,monte_carlo_run_32_seed_74.log
33,33,0,0,0,0,0,75,3101,0.286,6.31,True,Contatto Planetario / Biofirme,1464.83,20.14,Cauta,75,0,2281,39.38,163,125,15,2,11,143,141,141,0,97,70,27,9201.88,269,1.6,1.6,0.0,False,2115,0,364,406,10000.05,monte_carlo_run_33_seed_75.log
34,34,0,0,0,0,0,76,3101,0.249,3.37,False,Solitudine / Nessun Contatto,,,Nessuna,1,0,1,0.0,1,1,1,1,0,0,0,0,0,0,0,0,8500.0,2,1.0,1.0,0.0,False,0,0,0,0,0.02,monte_carlo_run_34_seed_76.log
